"V1","V5","V6","V7","V8"
0,673,673,150000,514.2266
0.05,673,673,153145.1,514.2265
0.1,673,673,153145,514.2264
0.15,673,673,153145,514.2263
0.2,673,673,153144.9,514.2262
0.25,673,673,153144.9,514.2261
0.3,673,672.9999,153144.9,514.226
0.35,673,672.9999,153144.9,514.2259
0.4,673,672.9999,153144.8,514.2259
0.45,673,672.9999,153144.8,514.2258
0.5,673,672.9999,153144.8,514.2257
0.55,673,672.9999,153144.8,514.2257
0.6,673,672.9999,153144.7,514.2256
0.65,673,672.9999,153144.7,514.2256
0.7,673,672.9999,153144.7,514.2255
0.75,673,672.9999,153144.7,514.2255
0.8,673,672.9999,153144.7,514.2254
0.85,673,672.9999,153144.6,514.2254
0.9,673,672.9999,153144.6,514.2253
0.95,673,672.9999,153144.6,514.2253
1,673,672.9999,153144.6,514.2252
1.05,673,672.9999,153144.6,514.2252
1.1,673,672.9999,153144.5,514.2251
1.15,673,672.9999,153144.5,514.2251
1.2,673,672.9998,153144.5,514.225
1.25,673,672.9998,153144.5,514.2249
1.3,673,672.9998,153144.5,514.2249
1.35,673,672.9998,153144.4,514.2248
1.4,673,672.9998,153144.4,514.2248
1.45,673,672.9998,153144.4,514.2247
1.5,673,672.9998,153144.4,514.2247
1.55,673,672.9998,153144.4,514.2246
1.6,673,672.9998,153144.3,514.2246
1.65,673,672.9998,153144.3,514.2245
1.7,673,672.9998,153144.3,514.2245
1.75,673,672.9998,153144.3,514.2244
1.8,673,672.9998,153144.3,514.2244
1.85,673,672.9998,153144.2,514.2243
1.9,673,672.9998,153144.2,514.2243
1.95,673,672.9998,153144.2,514.2242
2,673,672.9998,153144.2,514.2241
2.001,673,672.9998,153144.2,514.2241
2.002,673,672.9998,153144.2,514.2241
2.003,673,672.9998,153144.2,514.2242
2.004,673,673.0004,153146.7,514.2307
2.005,673,673.0049,153164.5,514.278
2.006,673,673.0107,153187.7,514.3395
2.007,673,673.0165,153210.6,514.4005
2.008,673,673.0222,153233.2,514.4607
2.009,673,673.0278,153255.6,514.5202
2.01,673,673.0334,153277.8,514.579
2.011,673,673.039,153300,514.6378
2.012,673,673.0451,153324.4,514.7025
2.013,673,673.0528,153355,514.7836
2.014,673,673.0614,153389.1,514.8739
2.015,673,673.0697,153422.3,514.962
2.016,673,673.0777,153454,515.0462
2.017,673,673.0854,153484.8,515.1276
2.018,673,673.093,153514.7,515.2069
2.019,673,673.1004,153544.4,515.2853
2.02,673,673.1082,153575.6,515.3677
2.021,673,673.1169,153610,515.4587
2.022,673,673.1262,153647,515.5564
2.023,673,673.1355,153684,515.6543
2.024,673,673.1445,153719.8,515.7487
2.025,673,673.1531,153754.3,515.8397
2.026,673,673.1615,153787.8,515.9282
2.027,673,673.1699,153821.1,516.0158
2.028,673,673.1784,153855.3,516.106
2.029,673,673.1875,153891.4,516.201
2.03,673,673.197,153929.2,516.3006
2.031,673,673.2066,153967.6,516.4016
2.032,673,673.216,154005.2,516.5005
2.033,673,673.2251,154041.5,516.5961
2.034,673,673.234,154076.9,516.6891
2.035,673,673.2428,154112,516.7812
2.036,673,673.2517,154147.6,516.8747
2.037,673,673.2609,154184.3,516.971
2.038,673,673.2703,154222.2,517.0703
2.039,673,673.2799,154260.6,517.1711
2.04,673,673.2895,154298.7,517.271
2.041,673,673.2988,154335.9,517.3685
2.042,673,673.3079,154372.3,517.4636
2.043,673,673.3169,154408.2,517.5576
2.044,673,673.3259,154444.4,517.6522
2.045,673,673.3351,154481.1,517.7483
2.046,673,673.3444,154518.5,517.846
2.047,673,673.3539,154556.4,517.945
2.048,673,673.3633,154594.3,518.0439
2.049,673,673.3726,154631.6,518.1413
2.05,673,673.3818,154668.1,518.2366
2.051,673,673.3907,154704.1,518.3305
2.052,673,673.3997,154739.9,518.4237
2.053,673,673.4086,154775.6,518.5169
2.054,673,673.4175,154811.5,518.6103
2.055,673,673.4265,154847.5,518.704
2.056,673,673.4355,154883.4,518.7974
2.057,673,673.4443,154918.9,518.8897
2.058,673,673.453,154953.8,518.9803
2.059,673,673.4615,154988.1,519.0694
2.06,673,673.47,155022,519.1575
2.061,673,673.4783,155055.6,519.2448
2.062,673,673.4867,155089.1,519.3317
2.063,673,673.495,155122.5,519.4184
2.064,673,673.5033,155155.9,519.5049
2.065,673,673.5115,155188.9,519.5905
2.066,673,673.5196,155221.5,519.6751
2.067,673,673.5276,155253.7,519.7584
2.068,673,673.5355,155285.5,519.8406
2.069,673,673.5433,155316.9,519.9219
2.07,673,673.5511,155348,520.0024
2.071,673,673.5588,155379,520.0826
2.072,673,673.5665,155409.9,520.1625
2.073,673,673.5741,155440.7,520.2419
2.074,673,673.5817,155471.2,520.3207
2.075,673,673.5892,155501.3,520.3985
2.076,673,673.5965,155531,520.4752
2.077,673,673.6038,155560.4,520.5509
2.078,673,673.611,155589.4,520.6257
2.079,673,673.6182,155618.2,520.7001
2.08,673,673.6253,155647,520.7743
2.081,673,673.6324,155675.7,520.8482
2.082,673,673.6395,155704.2,520.9216
2.083,673,673.6465,155732.4,520.9943
2.084,673,673.6534,155760.3,521.066
2.085,673,673.6602,155787.8,521.1366
2.086,673,673.667,155814.9,521.2064
2.087,673,673.6736,155841.9,521.2757
2.088,673,673.6803,155868.7,521.3448
2.089,673,673.6869,155895.6,521.4138
2.09,673,673.6936,155922.3,521.4824
2.091,673,673.7001,155948.8,521.5504
2.092,673,673.7066,155974.9,521.6175
2.093,673,673.713,156000.7,521.6837
2.094,673,673.7193,156026.2,521.749
2.095,673,673.7256,156051.5,521.8139
2.096,673,673.7318,156076.7,521.8785
2.097,673,673.738,156101.9,521.943
2.098,673,673.7442,156127,522.0073
2.099,673,673.7504,156151.9,522.0711
2.1,673,673.7565,156176.5,522.1341
2.101,673,673.7625,156200.8,522.1962
2.102,673,673.7684,156224.7,522.2576
2.103,673,673.7743,156248.6,522.3185
2.104,673,673.7802,156272.3,522.3793
2.105,673,673.786,156296,522.4399
2.106,673,673.7919,156319.7,522.5003
2.107,673,673.7977,156343.1,522.5603
2.108,673,673.8034,156366.4,522.6196
2.109,673,673.8091,156389.3,522.6782
2.11,673,673.8147,156412,522.7361
2.111,673,673.8202,156434.5,522.7936
2.112,673,673.8258,156456.9,522.8509
2.113,673,673.8313,156479.4,522.908
2.114,673,673.8368,156501.7,522.965
2.115,673,673.8423,156523.9,523.0217
2.116,673,673.8478,156545.9,523.0777
2.117,673,673.8531,156567.7,523.1332
2.118,673,673.8584,156589.2,523.188
2.119,673,673.8637,156610.6,523.2425
2.12,673,673.869,156631.9,523.2968
2.121,673,673.8742,156653.2,523.351
2.122,673,673.8795,156674.4,523.405
2.123,673,673.8847,156695.5,523.4586
2.124,673,673.8898,156716.5,523.5118
2.125,673,673.8949,156737.2,523.5645
2.126,673,673.9,156757.7,523.6167
2.127,673,673.905,156778.1,523.6686
2.128,673,673.91,156798.4,523.7202
2.129,673,673.915,156818.7,523.7718
2.13,673,673.92,156839,523.8231
2.131,673,673.925,156859.1,523.8742
2.132,673,673.9299,156879.1,523.925
2.133,673,673.9348,156898.9,523.9752
2.134,673,673.9396,156918.5,524.0251
2.135,673,673.9444,156938.1,524.0747
2.136,673,673.9492,156957.5,524.1241
2.137,673,673.954,156977,524.1733
2.138,673,673.9588,156996.3,524.2224
2.139,673,673.9635,157015.6,524.2713
2.14,673,673.9682,157034.8,524.3198
2.141,673,673.9729,157053.8,524.368
2.142,673,673.9775,157072.7,524.4159
2.143,673,673.9822,157091.5,524.4634
2.144,673,673.9868,157110.2,524.5109
2.145,673,673.9914,157128.9,524.5582
2.146,673,673.996,157147.6,524.6053
2.147,673,674.0005,157166.1,524.6523
2.148,673,674.0051,157184.6,524.6989
2.149,673,674.0096,157202.9,524.7453
2.15,673,674.0141,157221.2,524.7915
2.151,673,674.0185,157239.4,524.8374
2.152,673,674.023,157257.5,524.8831
2.153,673,674.0274,157275.5,524.9288
2.154,673,674.0318,157293.5,524.9742
2.155,673,674.0363,157311.5,525.0196
2.156,673,674.0406,157329.4,525.0647
2.157,673,674.045,157347.2,525.1096
2.158,673,674.0494,157364.9,525.1543
2.159,673,674.0537,157382.5,525.1987
2.16,673,674.058,157400.1,525.2431
2.161,673,674.0623,157417.6,525.2873
2.162,673,674.0666,157435.1,525.3314
2.163,673,674.0709,157452.6,525.3754
2.164,673,674.0752,157469.9,525.4192
2.165,673,674.0794,157487.3,525.4628
2.166,673,674.0836,157504.5,525.5063
2.167,673,674.0879,157521.7,525.5496
2.168,673,674.0921,157538.8,525.5927
2.169,673,674.0963,157555.9,525.6358
2.17,673,674.1005,157573,525.6788
2.171,673,674.1046,157590,525.7216
2.172,673,674.1088,157607,525.7644
2.173,673,674.1129,157624,525.8069
2.174,673,674.1171,157640.9,525.8494
2.175,673,674.1212,157657.7,525.8917
2.176,673,674.1253,157674.5,525.9339
2.177,673,674.1294,157691.2,525.9761
2.178,673,674.1335,157708,526.0181
2.179,673,674.1376,157724.7,526.0601
2.18,673,674.1417,157741.3,526.1019
2.181,673,674.1458,157757.9,526.1436
2.182,673,674.1498,157774.5,526.1852
2.183,673,674.1539,157791,526.2267
2.184,673,674.1579,157807.5,526.2681
2.185,673,674.162,157824,526.3094
2.186,673,674.166,157840.4,526.3506
2.187,673,674.17,157856.8,526.3918
2.188,673,674.174,157873.2,526.4329
2.189,673,674.178,157889.6,526.4739
2.19,673,674.182,157905.9,526.5148
2.191,673,674.186,157922.2,526.5556
2.192,673,674.19,157938.5,526.5964
2.193,673,674.194,157954.7,526.6371
2.194,673,674.198,157971,526.6778
2.195,673,674.2019,157987.2,526.7185
2.196,673,674.2059,158003.4,526.7591
2.197,673,674.2099,158019.6,526.7996
2.198,673,674.2138,158035.8,526.8401
2.199,673,674.2178,158052,526.8806
2.2,673,674.2217,158068.1,526.921
2.201,673,674.2257,158084.3,526.9613
2.202,673,674.2296,158100.4,527.0017
2.203,673,674.2336,158116.5,527.042
2.204,673,674.2375,158132.6,527.0823
2.205,673,674.2414,158148.7,527.1225
2.206,673,674.2454,158164.8,527.1628
2.207,673,674.2493,158180.9,527.2029
2.208,673,674.2532,158197,527.2431
2.209,673,674.2572,158213.1,527.2833
2.21,673,674.2611,158229.2,527.3234
2.211,673,674.265,158245.2,527.3635
2.212,673,674.2689,158261.3,527.4037
2.213,673,674.2729,158277.4,527.4438
2.214,673,674.2768,158293.5,527.4839
2.215,673,674.2807,158309.6,527.524
2.216,673,674.2847,158325.6,527.5641
2.217,673,674.2886,158341.7,527.6042
2.218,673,674.2925,158357.8,527.6443
2.219,673,674.2964,158373.9,527.6844
2.22,673,674.3004,158390,527.7246
2.221,673,674.3043,158406.1,527.7647
2.222,673,674.3082,158422.2,527.8049
2.223,673,674.3122,158438.4,527.845
2.224,673,674.3161,158454.5,527.8852
2.225,673,674.3201,158470.6,527.9254
2.226,673,674.324,158486.8,527.9656
2.227,673,674.3279,158503,528.0059
2.228,673,674.3319,158519.2,528.0461
2.229,673,674.3358,158535.4,528.0864
2.23,673,674.3398,158551.6,528.1267
2.231,673,674.3438,158567.8,528.1671
2.232,673,674.3477,158584,528.2074
2.233,673,674.3517,158600.3,528.2478
2.234,673,674.3556,158616.5,528.2883
2.235,673,674.3596,158632.8,528.3287
2.236,673,674.3636,158649.1,528.3693
2.237,673,674.3676,158665.5,528.4098
2.238,673,674.3716,158681.8,528.4504
2.239,673,674.3755,158698.2,528.491
2.24,673,674.3795,158714.6,528.5317
2.241,673,674.3835,158731,528.5724
2.242,673,674.3875,158747.4,528.6132
2.243,673,674.3915,158763.9,528.654
2.244,673,674.3956,158780.4,528.6949
2.245,673,674.3996,158796.9,528.7358
2.246,673,674.4036,158813.4,528.7768
2.247,673,674.4076,158829.9,528.8178
2.248,673,674.4117,158846.5,528.8589
2.249,673,674.4157,158863.1,528.9001
2.25,673,674.4198,158879.8,528.9413
2.251,673,674.4238,158896.4,528.9825
2.252,673,674.4279,158913.1,529.0239
2.253,673,674.432,158929.8,529.0653
2.254,673,674.436,158946.6,529.1067
2.255,673,674.4401,158963.4,529.1482
2.256,673,674.4442,158980.2,529.1898
2.257,673,674.4483,158997,529.2315
2.258,673,674.4524,159013.9,529.2732
2.259,673,674.4565,159030.8,529.315
2.26,673,674.4606,159047.7,529.3569
2.261,673,674.4648,159064.7,529.3988
2.262,673,674.4689,159081.7,529.4408
2.263,673,674.473,159098.7,529.4829
2.264,673,674.4772,159115.8,529.525
2.265,673,674.4813,159132.9,529.5673
2.266,673,674.4855,159150,529.6096
2.267,673,674.4897,159167.2,529.652
2.268,673,674.4939,159184.4,529.6944
2.269,673,674.498,159201.6,529.737
2.27,673,674.5022,159218.9,529.7796
2.271,673,674.5064,159236.2,529.8223
2.272,673,674.5107,159253.6,529.8651
2.273,673,674.5149,159271,529.908
2.274,673,674.5191,159288.4,529.9509
2.275,673,674.5234,159305.8,529.9939
2.276,673,674.5276,159323.3,530.0371
2.277,673,674.5319,159340.9,530.0803
2.278,673,674.5361,159358.5,530.1236
2.279,673,674.5404,159376.1,530.167
2.28,673,674.5447,159393.7,530.2104
2.281,673,674.549,159411.4,530.254
2.282,673,674.5533,159429.2,530.2976
2.283,673,674.5576,159446.9,530.3414
2.284,673,674.5619,159464.8,530.3852
2.285,673,674.5663,159482.6,530.4291
2.286,673,674.5706,159500.5,530.4731
2.287,673,674.575,159518.5,530.5172
2.288,673,674.5793,159536.4,530.5614
2.289,673,674.5837,159554.5,530.6057
2.29,673,674.5881,159572.5,530.6501
2.291,673,674.5925,159590.6,530.6946
2.292,673,674.5969,159608.8,530.7391
2.293,673,674.6013,159627,530.7838
2.294,673,674.6057,159645.2,530.8286
2.295,673,674.6101,159663.5,530.8734
2.296,673,674.6146,159681.8,530.9184
2.297,673,674.619,159700.2,530.9634
2.298,673,674.6235,159718.6,531.0085
2.299,673,674.6279,159737,531.0537
2.3,673,674.6324,159755.5,531.099
2.301,673,674.6369,159774,531.1444
2.302,673,674.6414,159792.6,531.1899
2.303,673,674.6459,159811.2,531.2355
2.304,673,674.6504,159829.9,531.2812
2.305,673,674.6549,159848.6,531.3269
2.306,673,674.6595,159867.3,531.3728
2.307,673,674.664,159886.1,531.4188
2.308,673,674.6686,159904.9,531.4649
2.309,673,674.6731,159923.8,531.511
2.31,673,674.6777,159942.7,531.5573
2.311,673,674.6823,159961.7,531.6037
2.312,673,674.6869,159980.7,531.6502
2.313,673,674.6915,159999.7,531.6967
2.314,673,674.6961,160018.8,531.7434
2.315,673,674.7008,160038,531.7902
2.316,673,674.7054,160057.2,531.8371
2.317,673,674.7101,160076.4,531.884
2.318,673,674.7147,160095.7,531.9311
2.319,673,674.7194,160115,531.9783
2.32,673,674.7241,160134.4,532.0255
2.321,673,674.7288,160153.8,532.0729
2.322,673,674.7335,160173.3,532.1203
2.323,673,674.7382,160192.8,532.1679
2.324,673,674.7429,160212.3,532.2156
2.325,673,674.7476,160231.9,532.2633
2.326,673,674.7524,160251.6,532.3112
2.327,673,674.7571,160271.2,532.3591
2.328,673,674.7619,160291,532.4071
2.329,673,674.7667,160310.7,532.4553
2.33,673,674.7715,160330.5,532.5035
2.331,673,674.7763,160350.4,532.5519
2.332,673,674.7811,160370.3,532.6003
2.333,673,674.7859,160390.3,532.6488
2.334,673,674.7907,160410.3,532.6975
2.335,673,674.7955,160430.3,532.7462
2.336,673,674.8004,160450.4,532.7951
2.337,673,674.8052,160470.5,532.844
2.338,673,674.8101,160490.7,532.893
2.339,673,674.815,160510.9,532.9422
2.34,673,674.8199,160531.2,532.9914
2.341,673,674.8248,160551.5,533.0407
2.342,673,674.8297,160571.9,533.0901
2.343,673,674.8346,160592.3,533.1397
2.344,673,674.8395,160612.8,533.1893
2.345,673,674.8445,160633.3,533.239
2.346,673,674.8494,160653.8,533.2888
2.347,673,674.8544,160674.4,533.3387
2.348,673,674.8594,160695,533.3887
2.349,673,674.8643,160715.7,533.4388
2.35,673,674.8693,160736.4,533.489
2.351,673,674.8743,160757.2,533.5393
2.352,673,674.8793,160778,533.5897
2.353,673,674.8844,160798.8,533.6402
2.354,673,674.8894,160819.7,533.6907
2.355,673,674.8944,160840.7,533.7414
2.356,673,674.8995,160861.7,533.7922
2.357,673,674.9045,160882.7,533.843
2.358,673,674.9096,160903.8,533.894
2.359,673,674.9147,160924.9,533.945
2.36,673,674.9198,160946,533.9962
2.361,673,674.9249,160967.3,534.0474
2.362,673,674.93,160988.5,534.0987
2.363,673,674.9351,161009.8,534.1501
2.364,673,674.9403,161031.1,534.2016
2.365,673,674.9454,161052.5,534.2532
2.366,673,674.9505,161073.9,534.3049
2.367,673,674.9557,161095.4,534.3567
2.368,673,674.9609,161116.9,534.4086
2.369,673,674.9661,161138.5,534.4605
2.37,673,674.9712,161160.1,534.5126
2.371,673,674.9764,161181.7,534.5647
2.372,673,674.9817,161203.4,534.617
2.373,673,674.9869,161225.1,534.6693
2.374,673,674.9921,161246.9,534.7217
2.375,673,674.9973,161268.7,534.7742
2.376,673,675.0026,161290.5,534.8268
2.377,673,675.0078,161312.4,534.8795
2.378,673,675.0131,161334.4,534.9322
2.379,673,675.0184,161356.3,534.9851
2.38,673,675.0237,161378.4,535.038
2.381,673,675.029,161400.4,535.091
2.382,673,675.0343,161422.5,535.1441
2.383,673,675.0396,161444.7,535.1973
2.384,673,675.0449,161466.8,535.2506
2.385,673,675.0502,161489.1,535.3039
2.386,673,675.0556,161511.3,535.3574
2.387,673,675.0609,161533.7,535.4109
2.388,673,675.0663,161556,535.4645
2.389,673,675.0716,161578.4,535.5182
2.39,673,675.077,161600.8,535.572
2.391,673,675.0824,161623.3,535.6259
2.392,673,675.0878,161645.8,535.6798
2.393,673,675.0932,161668.3,535.7338
2.394,673,675.0986,161690.9,535.7879
2.395,673,675.104,161713.5,535.842
2.396,673,675.1094,161736.2,535.8962
2.397,673,675.1149,161758.9,535.9505
2.398,673,675.1203,161781.6,536.0049
2.399,673,675.1258,161804.4,536.0594
2.4,673,675.1312,161827.2,536.1139
2.401,673,675.1367,161850,536.1685
2.402,673,675.1422,161872.9,536.2232
2.403,673,675.1477,161895.8,536.278
2.404,673,675.1531,161918.8,536.3328
2.405,673,675.1587,161941.8,536.3878
2.406,673,675.1642,161964.8,536.4428
2.407,673,675.1697,161987.9,536.4978
2.408,673,675.1752,162011,536.553
2.409,673,675.1807,162034.2,536.6082
2.41,673,675.1863,162057.4,536.6635
2.411,673,675.1918,162080.6,536.7189
2.412,673,675.1974,162103.9,536.7744
2.413,673,675.203,162127.2,536.8299
2.414,673,675.2085,162150.5,536.8855
2.415,673,675.2141,162173.9,536.9412
2.416,673,675.2197,162197.3,536.9969
2.417,673,675.2253,162220.7,537.0527
2.418,673,675.2309,162244.2,537.1086
2.419,673,675.2366,162267.7,537.1645
2.42,673,675.2422,162291.3,537.2205
2.421,673,675.2478,162314.9,537.2766
2.422,673,675.2534,162338.5,537.3328
2.423,673,675.2591,162362.2,537.389
2.424,673,675.2647,162385.9,537.4453
2.425,673,675.2704,162409.6,537.5016
2.426,673,675.2761,162433.3,537.558
2.427,673,675.2817,162457.1,537.6145
2.428,673,675.2874,162481,537.671
2.429,673,675.2931,162504.8,537.7276
2.43,673,675.2988,162528.7,537.7843
2.431,673,675.3045,162552.6,537.841
2.432,673,675.3102,162576.6,537.8978
2.433,673,675.316,162600.6,537.9547
2.434,673,675.3217,162624.6,538.0116
2.435,673,675.3274,162648.7,538.0686
2.436,673,675.3332,162672.8,538.1257
2.437,673,675.3389,162697,538.1828
2.438,673,675.3447,162721.1,538.24
2.439,673,675.3504,162745.3,538.2972
2.44,673,675.3562,162769.6,538.3545
2.441,673,675.362,162793.8,538.4119
2.442,673,675.3678,162818.1,538.4693
2.443,673,675.3736,162842.4,538.5268
2.444,673,675.3793,162866.8,538.5843
2.445,673,675.3851,162891.2,538.6419
2.446,673,675.391,162915.6,538.6996
2.447,673,675.3968,162940.1,538.7572
2.448,673,675.4026,162964.5,538.815
2.449,673,675.4084,162989.1,538.8728
2.45,673,675.4143,163013.6,538.9307
2.451,673,675.4201,163038.2,538.9886
2.452,673,675.426,163062.8,539.0466
2.453,673,675.4318,163087.4,539.1046
2.454,673,675.4377,163112.1,539.1627
2.455,673,675.4435,163136.8,539.2209
2.456,673,675.4494,163161.5,539.2791
2.457,673,675.4553,163186.3,539.3373
2.458,673,675.4612,163211,539.3956
2.459,673,675.4671,163235.9,539.454
2.46,673,675.473,163260.7,539.5124
2.461,673,675.4789,163285.6,539.5709
2.462,673,675.4848,163310.5,539.6294
2.463,673,675.4907,163335.5,539.688
2.464,673,675.4966,163360.4,539.7467
2.465,673,675.5026,163385.4,539.8054
2.466,673,675.5085,163410.5,539.8641
2.467,673,675.5145,163435.5,539.9229
2.468,673,675.5204,163460.6,539.9818
2.469,673,675.5264,163485.7,540.0407
2.47,673,675.5323,163510.9,540.0997
2.471,673,675.5383,163536.1,540.1587
2.472,673,675.5443,163561.3,540.2177
2.473,673,675.5503,163586.5,540.2768
2.474,673,675.5563,163611.8,540.336
2.475,673,675.5622,163637.1,540.3952
2.476,673,675.5682,163662.4,540.4544
2.477,673,675.5742,163687.7,540.5137
2.478,673,675.5803,163713.1,540.573
2.479,673,675.5863,163738.5,540.6324
2.48,673,675.5923,163763.9,540.6918
2.481,673,675.5983,163789.4,540.7512
2.482,673,675.6043,163814.8,540.8107
2.483,673,675.6104,163840.3,540.8703
2.484,673,675.6164,163865.9,540.9299
2.485,673,675.6225,163891.4,540.9895
2.486,673,675.6285,163917,541.0492
2.487,673,675.6346,163942.6,541.1089
2.488,673,675.6406,163968.2,541.1687
2.489,673,675.6467,163993.9,541.2285
2.49,673,675.6528,164019.6,541.2884
2.491,673,675.6589,164045.3,541.3483
2.492,673,675.6649,164071.1,541.4082
2.493,673,675.671,164096.8,541.4682
2.494,673,675.6771,164122.6,541.5283
2.495,673,675.6832,164148.5,541.5884
2.496,673,675.6893,164174.3,541.6485
2.497,673,675.6955,164200.2,541.7087
2.498,673,675.7016,164226.1,541.7689
2.499,673,675.7077,164252.1,541.8292
2.5,673,675.7138,164278,541.8895
2.501,673,675.72,164304,541.9498
2.502,673,675.7261,164330,542.0102
2.503,673,675.7322,164356,542.0707
2.504,673,675.7384,164382.1,542.1311
2.505,673,675.7446,164408.2,542.1916
2.506,673,675.7507,164434.3,542.2522
2.507,673,675.7569,164460.4,542.3128
2.508,673,675.763,164486.6,542.3734
2.509,673,675.7692,164512.8,542.4341
2.51,673,675.7754,164539,542.4948
2.511,673,675.7816,164565.2,542.5555
2.512,673,675.7878,164591.5,542.6163
2.513,673,675.794,164617.8,542.6771
2.514,673,675.8002,164644.1,542.738
2.515,673,675.8064,164670.4,542.7989
2.516,673,675.8126,164696.8,542.8598
2.517,673,675.8188,164723.2,542.9208
2.518,673,675.825,164749.6,542.9818
2.519,673,675.8312,164776,543.0428
2.52,673,675.8375,164802.5,543.1039
2.521,673,675.8437,164829,543.1651
2.522,673,675.8499,164855.5,543.2262
2.523,673,675.8562,164882,543.2874
2.524,673,675.8624,164908.6,543.3487
2.525,673,675.8687,164935.2,543.41
2.526,673,675.8749,164961.8,543.4713
2.527,673,675.8812,164988.4,543.5327
2.528,673,675.8875,165015.1,543.5941
2.529,673,675.8937,165041.7,543.6555
2.53,673,675.9,165068.5,543.717
2.531,673,675.9063,165095.2,543.7785
2.532,673,675.9126,165121.9,543.84
2.533,673,675.9189,165148.7,543.9016
2.534,673,675.9252,165175.5,543.9633
2.535,673,675.9315,165202.4,544.0249
2.536,673,675.9378,165229.2,544.0866
2.537,673,675.9441,165256.1,544.1483
2.538,673,675.9504,165283,544.2101
2.539,673,675.9567,165309.9,544.2719
2.54,673,675.9631,165336.9,544.3337
2.541,673,675.9694,165363.8,544.3956
2.542,673,675.9757,165390.8,544.4575
2.543,673,675.9821,165417.9,544.5195
2.544,673,675.9884,165444.9,544.5814
2.545,673,675.9948,165472,544.6435
2.546,673,676.0011,165499.1,544.7055
2.547,673,676.0075,165526.2,544.7676
2.548,673,676.0138,165553.3,544.8297
2.549,673,676.0202,165580.5,544.8919
2.55,673,676.0266,165607.7,544.954
2.551,673,676.033,165634.9,545.0163
2.552,673,676.0393,165662.1,545.0785
2.553,673,676.0457,165689.4,545.1408
2.554,673,676.0521,165716.7,545.2031
2.555,673,676.0585,165744,545.2655
2.556,673,676.0649,165771.3,545.3278
2.557,673,676.0713,165798.6,545.3903
2.558,673,676.0777,165826,545.4527
2.559,673,676.0841,165853.4,545.5152
2.56,673,676.0905,165880.8,545.5776
2.561,673,676.0969,165908.2,545.6402
2.562,673,676.1034,165935.7,545.7027
2.563,673,676.1098,165963.2,545.7653
2.564,673,676.1162,165990.7,545.828
2.565,673,676.1227,166018.2,545.8906
2.566,673,676.1291,166045.7,545.9533
2.567,673,676.1355,166073.3,546.016
2.568,673,676.142,166100.9,546.0788
2.569,673,676.1485,166128.5,546.1416
2.57,673,676.1549,166156.2,546.2044
2.571,673,676.1614,166183.8,546.2673
2.572,673,676.1678,166211.5,546.3302
2.573,673,676.1743,166239.2,546.3931
2.574,673,676.1808,166267,546.4561
2.575,673,676.1873,166294.7,546.5191
2.576,673,676.1938,166322.5,546.5821
2.577,673,676.2002,166350.3,546.6451
2.578,673,676.2067,166378.2,546.7082
2.579,673,676.2132,166406,546.7714
2.58,673,676.2197,166433.9,546.8345
2.581,673,676.2263,166461.8,546.8977
2.582,673,676.2328,166489.7,546.9609
2.583,673,676.2393,166517.7,547.0242
2.584,673,676.2458,166545.7,547.0875
2.585,673,676.2523,166573.6,547.1508
2.586,673,676.2589,166601.6,547.2141
2.587,673,676.2654,166629.7,547.2775
2.588,673,676.2719,166657.7,547.3409
2.589,673,676.2785,166685.8,547.4043
2.59,673,676.285,166713.9,547.4677
2.591,673,676.2916,166742,547.5312
2.592,673,676.2981,166770.2,547.5947
2.593,673,676.3047,166798.4,547.6583
2.594,673,676.3112,166826.5,547.7219
2.595,673,676.3178,166854.8,547.7855
2.596,673,676.3244,166883,547.8491
2.597,673,676.3309,166911.3,547.9128
2.598,673,676.3375,166939.5,547.9765
2.599,673,676.3441,166967.9,548.0402
2.6,673,676.3507,166996.2,548.104
2.601,673,676.3573,167024.5,548.1678
2.602,673,676.3639,167052.9,548.2316
2.603,673,676.3705,167081.3,548.2954
2.604,673,676.3771,167109.7,548.3593
2.605,673,676.3837,167138.1,548.4232
2.606,673,676.3903,167166.6,548.4871
2.607,673,676.3969,167195.1,548.5511
2.608,673,676.4035,167223.6,548.6151
2.609,673,676.4102,167252.1,548.6791
2.61,673,676.4168,167280.6,548.7431
2.611,673,676.4234,167309.2,548.8072
2.612,673,676.4301,167337.8,548.8713
2.613,673,676.4367,167366.4,548.9354
2.614,673,676.4434,167395.1,548.9996
2.615,673,676.45,167423.7,549.0638
2.616,673,676.4567,167452.4,549.128
2.617,673,676.4633,167481.1,549.1922
2.618,673,676.47,167509.8,549.2565
2.619,673,676.4766,167538.6,549.3208
2.62,673,676.4833,167567.4,549.3852
2.621,673,676.49,167596.2,549.4496
2.622,673,676.4967,167625,549.514
2.623,673,676.5034,167653.8,549.5784
2.624,673,676.51,167682.7,549.6429
2.625,673,676.5167,167711.6,549.7074
2.626,673,676.5234,167740.5,549.7719
2.627,673,676.5301,167769.5,549.8365
2.628,673,676.5368,167798.4,549.9011
2.629,673,676.5436,167827.4,549.9657
2.63,673,676.5503,167856.4,550.0303
2.631,673,676.557,167885.4,550.095
2.632,673,676.5637,167914.5,550.1597
2.633,673,676.5704,167943.6,550.2244
2.634,673,676.5772,167972.7,550.2892
2.635,673,676.5839,168001.8,550.3539
2.636,673,676.5906,168030.9,550.4188
2.637,673,676.5974,168060.1,550.4836
2.638,673,676.6041,168089.3,550.5485
2.639,673,676.6109,168118.5,550.6133
2.64,673,676.6176,168147.7,550.6783
2.641,673,676.6244,168176.9,550.7432
2.642,673,676.6311,168206.2,550.8082
2.643,673,676.6379,168235.5,550.8732
2.644,673,676.6447,168264.8,550.9383
2.645,673,676.6515,168294.2,551.0033
2.646,673,676.6582,168323.6,551.0684
2.647,673,676.665,168352.9,551.1336
2.648,673,676.6718,168382.4,551.1987
2.649,673,676.6786,168411.8,551.2639
2.65,673,676.6854,168441.3,551.3292
2.651,673,676.6922,168470.8,551.3944
2.652,673,676.699,168500.3,551.4597
2.653,673,676.7058,168529.8,551.525
2.654,673,676.7126,168559.4,551.5904
2.655,673,676.7195,168588.9,551.6557
2.656,673,676.7263,168618.6,551.7212
2.657,673,676.7331,168648.2,551.7866
2.658,673,676.74,168677.8,551.8521
2.659,673,676.7468,168707.5,551.9176
2.66,673,676.7536,168737.2,551.9831
2.661,673,676.7605,168766.9,552.0486
2.662,673,676.7673,168796.7,552.1142
2.663,673,676.7742,168826.5,552.1798
2.664,673,676.781,168856.2,552.2455
2.665,673,676.7879,168886.1,552.3111
2.666,673,676.7948,168915.9,552.3768
2.667,673,676.8016,168945.8,552.4426
2.668,673,676.8085,168975.7,552.5083
2.669,673,676.8154,169005.6,552.5741
2.67,673,676.8223,169035.5,552.6399
2.671,673,676.8292,169065.5,552.7058
2.672,673,676.8361,169095.4,552.7716
2.673,673,676.843,169125.4,552.8375
2.674,673,676.8499,169155.5,552.9035
2.675,673,676.8568,169185.5,552.9694
2.676,673,676.8637,169215.6,553.0354
2.677,673,676.8706,169245.7,553.1014
2.678,673,676.8775,169275.8,553.1675
2.679,673,676.8844,169305.9,553.2336
2.68,673,676.8914,169336.1,553.2997
2.681,673,676.8983,169366.3,553.3658
2.682,673,676.9052,169396.5,553.432
2.683,673,676.9122,169426.8,553.4982
2.684,673,676.9191,169457,553.5644
2.685,673,676.9261,169487.3,553.6307
2.686,673,676.933,169517.6,553.697
2.687,673,676.94,169548,553.7633
2.688,673,676.9469,169578.3,553.8296
2.689,673,676.9539,169608.7,553.896
2.69,673,676.9609,169639.1,553.9624
2.691,673,676.9678,169669.6,554.0289
2.692,673,676.9748,169700,554.0954
2.693,673,676.9818,169730.5,554.1619
2.694,673,676.9888,169761,554.2284
2.695,673,676.9958,169791.6,554.295
2.696,673,677.0028,169822.1,554.3616
2.697,673,677.0098,169852.7,554.4282
2.698,673,677.0168,169883.3,554.4948
2.699,673,677.0238,169914,554.5615
2.7,673,677.0308,169944.6,554.6282
2.701,673,677.0378,169975.3,554.695
2.702,673,677.0449,170006,554.7618
2.703,673,677.0519,170036.7,554.8286
2.704,673,677.0589,170067.5,554.8954
2.705,673,677.066,170098.3,554.9622
2.706,673,677.073,170129.1,555.0291
2.707,673,677.08,170159.9,555.096
2.708,673,677.0871,170190.7,555.1629
2.709,673,677.0941,170221.6,555.2299
2.71,673,677.1012,170252.5,555.2969
2.711,673,677.1083,170283.4,555.3639
2.712,673,677.1153,170314.3,555.4309
2.713,673,677.1224,170345.3,555.498
2.714,673,677.1295,170376.3,555.5651
2.715,673,677.1366,170407.3,555.6322
2.716,673,677.1436,170438.3,555.6993
2.717,673,677.1507,170469.3,555.7665
2.718,673,677.1578,170500.4,555.8337
2.719,673,677.1649,170531.5,555.9009
2.72,673,677.172,170562.6,555.9682
2.721,673,677.1791,170593.8,556.0355
2.722,673,677.1862,170625,556.1028
2.723,673,677.1933,170656.2,556.1701
2.724,673,677.2004,170687.4,556.2375
2.725,673,677.2076,170718.6,556.3049
2.726,673,677.2147,170749.9,556.3724
2.727,673,677.2218,170781.2,556.4398
2.728,673,677.229,170812.5,556.5073
2.729,673,677.2361,170843.9,556.5749
2.73,673,677.2432,170875.3,556.6424
2.731,673,677.2504,170906.7,556.71
2.732,673,677.2575,170938.1,556.7776
2.733,673,677.2647,170969.5,556.8453
2.734,673,677.2719,171001,556.9129
2.735,673,677.279,171032.5,556.9806
2.736,673,677.2862,171064,557.0483
2.737,673,677.2934,171095.5,557.1161
2.738,673,677.3005,171127.1,557.1838
2.739,673,677.3077,171158.7,557.2516
2.74,673,677.3149,171190.3,557.3194
2.741,673,677.3221,171221.9,557.3873
2.742,673,677.3293,171253.5,557.4551
2.743,673,677.3365,171285.2,557.523
2.744,673,677.3437,171316.9,557.5909
2.745,673,677.3509,171348.6,557.6588
2.746,673,677.3581,171380.3,557.7267
2.747,673,677.3653,171412.1,557.7947
2.748,673,677.3725,171443.9,557.8627
2.749,673,677.3797,171475.7,557.9307
2.75,673,677.3869,171507.5,557.9988
2.751,673,677.3942,171539.4,558.0668
2.752,673,677.4014,171571.2,558.1349
2.753,673,677.4086,171603.1,558.2031
2.754,673,677.4159,171635,558.2712
2.755,673,677.4231,171667,558.3394
2.756,673,677.4304,171699,558.4076
2.757,673,677.4376,171730.9,558.4758
2.758,673,677.4449,171763,558.5441
2.759,673,677.4521,171795,558.6123
2.76,673,677.4594,171827.1,558.6806
2.761,673,677.4666,171859.2,558.749
2.762,673,677.4739,171891.3,558.8173
2.763,673,677.4812,171923.4,558.8857
2.764,673,677.4885,171955.6,558.9542
2.765,673,677.4958,171987.8,559.0226
2.766,673,677.5031,172020,559.0911
2.767,673,677.5103,172052.2,559.1596
2.768,673,677.5176,172084.5,559.2281
2.769,673,677.5249,172116.8,559.2967
2.77,673,677.5323,172149.1,559.3652
2.771,673,677.5396,172181.4,559.4338
2.772,673,677.5469,172213.7,559.5025
2.773,673,677.5542,172246.1,559.5711
2.774,673,677.5615,172278.5,559.6398
2.775,673,677.5688,172310.9,559.7085
2.776,673,677.5762,172343.4,559.7772
2.777,673,677.5835,172375.9,559.8459
2.778,673,677.5908,172408.3,559.9147
2.779,673,677.5982,172440.8,559.9835
2.78,673,677.6055,172473.4,560.0523
2.781,673,677.6129,172505.9,560.1211
2.782,673,677.6202,172538.5,560.19
2.783,673,677.6276,172571.1,560.2588
2.784,673,677.6349,172603.7,560.3277
2.785,673,677.6423,172636.4,560.3966
2.786,673,677.6497,172669,560.4656
2.787,673,677.657,172701.7,560.5345
2.788,673,677.6644,172734.4,560.6035
2.789,673,677.6718,172767.2,560.6725
2.79,673,677.6792,172799.9,560.7415
2.791,673,677.6865,172832.7,560.8106
2.792,673,677.6939,172865.5,560.8797
2.793,673,677.7013,172898.3,560.9488
2.794,673,677.7087,172931.2,561.0179
2.795,673,677.7161,172964.1,561.087
2.796,673,677.7235,172997,561.1562
2.797,673,677.731,173029.9,561.2254
2.798,673,677.7384,173062.8,561.2946
2.799,673,677.7458,173095.8,561.3639
2.8,673,677.7532,173128.8,561.4332
2.801,673,677.7606,173161.8,561.5025
2.802,673,677.7681,173194.9,561.5718
2.803,673,677.7755,173227.9,561.6411
2.804,673,677.7829,173261,561.7105
2.805,673,677.7904,173294.1,561.7799
2.806,673,677.7978,173327.3,561.8493
2.807,673,677.8053,173360.4,561.9187
2.808,673,677.8127,173393.6,561.9882
2.809,673,677.8202,173426.8,562.0577
2.81,673,677.8276,173460,562.1272
2.811,673,677.8351,173493.3,562.1967
2.812,673,677.8426,173526.5,562.2663
2.813,673,677.85,173559.8,562.3358
2.814,673,677.8575,173593.2,562.4054
2.815,673,677.865,173626.5,562.475
2.816,673,677.8725,173659.9,562.5447
2.817,673,677.88,173693.2,562.6143
2.818,673,677.8875,173726.6,562.684
2.819,673,677.895,173760.1,562.7537
2.82,673,677.9025,173793.5,562.8234
2.821,673,677.91,173827,562.8931
2.822,673,677.9175,173860.5,562.9629
2.823,673,677.925,173894,563.0326
2.824,673,677.9325,173927.5,563.1024
2.825,673,677.94,173961.1,563.1722
2.826,673,677.9475,173994.6,563.2419
2.827,673,677.955,174028.2,563.3117
2.828,673,677.9625,174061.8,563.3816
2.829,673,677.9701,174095.4,563.4514
2.83,673,677.9776,174129.1,563.5213
2.831,673,677.9851,174162.8,563.5912
2.832,673,677.9927,174196.5,563.6612
2.833,673,678.0002,174230.3,563.7312
2.834,673,678.0078,174264.1,563.8013
2.835,673,678.0154,174297.9,563.8715
2.836,673,678.0229,174331.8,563.9416
2.837,673,678.0305,174365.7,564.0119
2.838,673,678.0381,174399.6,564.0821
2.839,673,678.0457,174433.6,564.1523
2.84,673,678.0533,174467.5,564.2226
2.841,673,678.0609,174501.5,564.2928
2.842,673,678.0684,174535.5,564.3631
2.843,673,678.076,174569.5,564.4333
2.844,673,678.0836,174603.5,564.5035
2.845,673,678.0912,174637.4,564.5736
2.846,673,678.0988,174671.4,564.6437
2.847,673,678.1063,174705.3,564.7137
2.848,673,678.1139,174739.2,564.7837
2.849,673,678.1215,174773.1,564.8535
2.85,673,678.129,174807,564.9233
2.851,673,678.1365,174840.8,564.993
2.852,673,678.1441,174874.6,565.0626
2.853,673,678.1516,174908.4,565.1321
2.854,673,678.1591,174942.1,565.2015
2.855,673,678.1666,174975.8,565.2708
2.856,673,678.1741,175009.4,565.34
2.857,673,678.1816,175043.1,565.4091
2.858,673,678.1891,175076.6,565.4781
2.859,673,678.1966,175110.2,565.547
2.86,673,678.204,175143.7,565.6158
2.861,673,678.2115,175177.2,565.6845
2.862,673,678.2189,175210.6,565.7532
2.863,673,678.2263,175244.1,565.8217
2.864,673,678.2338,175277.5,565.8902
2.865,673,678.2412,175310.8,565.9586
2.866,673,678.2486,175344.2,566.0269
2.867,673,678.256,175377.5,566.0951
2.868,673,678.2634,175410.8,566.1633
2.869,673,678.2708,175444.1,566.2314
2.87,673,678.2782,175477.3,566.2994
2.871,673,678.2856,175510.6,566.3674
2.872,673,678.293,175543.8,566.4353
2.873,673,678.3003,175577,566.5032
2.874,673,678.3077,175610.2,566.571
2.875,673,678.3151,175643.4,566.6387
2.876,673,678.3224,175676.5,566.7064
2.877,673,678.3298,175709.7,566.774
2.878,673,678.3371,175742.8,566.8415
2.879,673,678.3445,175775.9,566.909
2.88,673,678.3518,175809,566.9764
2.881,673,678.3591,175842,567.0438
2.882,673,678.3665,175875.1,567.1111
2.883,673,678.3738,175908.1,567.1783
2.884,673,678.3811,175941.1,567.2455
2.885,673,678.3884,175974,567.3125
2.886,673,678.3957,176007,567.3795
2.887,673,678.403,176039.9,567.4465
2.888,673,678.4103,176072.8,567.5133
2.889,673,678.4175,176105.6,567.58
2.89,673,678.4248,176138.5,567.6467
2.891,673,678.4321,176171.2,567.7133
2.892,673,678.4393,176204,567.7797
2.893,673,678.4466,176236.7,567.8461
2.894,673,678.4538,176269.4,567.9124
2.895,673,678.461,176302.1,567.9786
2.896,673,678.4682,176334.7,568.0447
2.897,673,678.4754,176367.3,568.1107
2.898,673,678.4826,176399.8,568.1767
2.899,673,678.4898,176432.4,568.2425
2.9,673,678.497,176464.8,568.3082
2.901,673,678.5042,176497.3,568.3738
2.902,673,678.5113,176529.7,568.4393
2.903,673,678.5185,176562,568.5047
2.904,673,678.5256,176594.3,568.57
2.905,673,678.5327,176626.6,568.6352
2.906,673,678.5398,176658.9,568.7003
2.907,673,678.547,176691.1,568.7653
2.908,673,678.5541,176723.2,568.8302
2.909,673,678.5611,176755.3,568.895
2.91,673,678.5682,176787.4,568.9597
2.911,673,678.5753,176819.4,569.0242
2.912,673,678.5823,176851.4,569.0887
2.913,673,678.5894,176883.4,569.153
2.914,673,678.5964,176915.3,569.2173
2.915,673,678.6034,176947.1,569.2814
2.916,673,678.6105,176978.9,569.3454
2.917,673,678.6175,177010.7,569.4093
2.918,673,678.6244,177042.4,569.4731
2.919,673,678.6314,177074.1,569.5368
2.92,673,678.6384,177105.8,569.6004
2.921,673,678.6454,177137.4,569.6639
2.922,673,678.6523,177168.9,569.7272
2.923,673,678.6592,177200.4,569.7905
2.924,673,678.6662,177231.9,569.8536
2.925,673,678.6731,177263.3,569.9167
2.926,673,678.68,177294.7,569.9796
2.927,673,678.6869,177326.1,570.0424
2.928,673,678.6938,177357.4,570.1052
2.929,673,678.7006,177388.6,570.1678
2.93,673,678.7075,177419.8,570.2303
2.931,673,678.7144,177451,570.2927
2.932,673,678.7212,177482.1,570.355
2.933,673,678.728,177513.2,570.4172
2.934,673,678.7349,177544.3,570.4793
2.935,673,678.7417,177575.3,570.5413
2.936,673,678.7485,177606.3,570.6032
2.937,673,678.7553,177637.2,570.665
2.938,673,678.7621,177668.1,570.7266
2.939,673,678.7688,177698.9,570.7882
2.94,673,678.7756,177729.7,570.8496
2.941,673,678.7823,177760.4,570.911
2.942,673,678.7891,177791.1,570.9722
2.943,673,678.7958,177821.8,571.0334
2.944,673,678.8025,177852.4,571.0944
2.945,673,678.8092,177883,571.1553
2.946,673,678.8159,177913.5,571.2161
2.947,673,678.8226,177944,571.2768
2.948,673,678.8293,177974.4,571.3373
2.949,673,678.8359,178004.8,571.3978
2.95,673,678.8426,178035.1,571.4582
2.951,673,678.8492,178065.4,571.5184
2.952,673,678.8559,178095.7,571.5785
2.953,673,678.8625,178125.9,571.6385
2.954,673,678.8691,178156,571.6984
2.955,673,678.8757,178186.1,571.7582
2.956,673,678.8823,178216.2,571.8179
2.957,673,678.8888,178246.2,571.8775
2.958,673,678.8954,178276.2,571.9369
2.959,673,678.9019,178306.1,571.9964
2.96,673,678.9085,178336.1,572.0558
2.961,673,678.9151,178366.1,572.1152
2.962,673,678.9216,178396.1,572.1747
2.963,673,678.9282,178426.3,572.2344
2.964,673,678.9349,178456.6,572.2944
2.965,673,678.9415,178487.1,572.3548
2.966,673,678.9483,178517.9,572.4157
2.967,673,678.955,178548.9,572.4771
2.968,673,678.9619,178580.2,572.539
2.969,673,678.9688,178611.8,572.6014
2.97,673,678.9757,178643.5,572.6641
2.971,673,678.9827,178675.5,572.7273
2.972,673,678.9897,178707.7,572.7909
2.973,673,678.9968,178740.2,572.855
2.974,673,679.004,178772.9,572.9196
2.975,673,679.0112,178805.8,572.9845
2.976,673,679.0184,178838.9,573.0498
2.977,673,679.0256,178872.1,573.1153
2.978,673,679.0329,178905.4,573.1809
2.979,673,679.0402,178938.8,573.2467
2.98,673,679.0475,178972.3,573.3125
2.981,673,679.0548,179005.8,573.3785
2.982,673,679.0621,179039.3,573.4444
2.983,673,679.0694,179072.8,573.5104
2.984,673,679.0767,179106.3,573.5763
2.985,673,679.084,179139.8,573.642
2.986,673,679.0913,179173.2,573.7077
2.987,673,679.0986,179206.6,573.7733
2.988,673,679.1058,179239.9,573.8387
2.989,673,679.1131,179273.2,573.9041
2.99,673,679.1203,179306.5,573.9693
2.991,673,679.1276,179339.7,574.0344
2.992,673,679.1348,179372.8,574.0994
2.993,673,679.142,179405.9,574.1642
2.994,673,679.1492,179438.9,574.2289
2.995,673,679.1563,179471.9,574.2935
2.996,673,679.1635,179504.8,574.358
2.997,673,679.1707,179537.8,574.4225
2.998,673,679.1778,179570.7,574.4869
2.999,673,679.185,179603.6,574.5513
3,673,679.1921,179636.5,574.6156
3.05,673,679.6126,181580.2,578.3757
3.1,673,680.2048,184350.5,583.6018
3.15,673,681.5141,190613.2,594.8741
3.2,673,683.1851,198892,608.7179
3.25,673,684.7956,207186.7,621.5101
3.3,673,686.2852,215143.9,632.8801
3.35,673,687.6874,222894.4,643.1949
3.4,673,689.0254,230532.2,652.6985
3.45,673,690.3106,238098.8,661.5274
3.5,673,691.5549,245646,669.8052
3.55,673,692.7595,253164.9,677.5728
3.6,673,693.9209,260618.6,684.8412
3.65,673,695.0439,268022,691.6697
3.7,673,696.1228,275319.4,698.0492
3.75,673,697.1606,282515.9,704.0251
3.8,673,698.1498,289539.4,709.5773
3.85,673,699.0916,296378.8,714.7368
3.9,673,699.9797,302968,719.4921
3.95,673,700.8487,309548.7,724.0437
4,673,701.8425,317238.4,729.1282
4.05,673,702.8031,324841.6,733.924
4.1,673,703.7219,332275.1,738.4052
4.15,673,704.6103,339614.6,742.6413
4.2,673,705.4339,346556.4,746.4865
4.25,673,706.1894,353041.4,749.9449
4.3,673,706.9012,359257.1,753.1451
4.35,673.0001,707.6056,365510.1,756.257
4.4,673.0001,708.2309,371148,758.9749
4.45,673.0001,708.7628,376010,761.2547
4.5,673.0001,709.2395,380419.6,763.2731
4.55,673.0001,709.663,384379.6,765.0471
4.6,673.0001,710.003,387589.5,766.4591
4.65,673.0001,710.2527,389966.7,767.4903
4.7,673.0001,710.4323,391688.5,768.2296
4.75,673.0001,710.5558,392881.4,768.7381
4.8,673.0001,710.652,393815.7,769.1344
4.85,673.0001,710.7354,394629.9,769.4783
4.9,673.0001,710.8219,395475.5,769.834
4.95,673.0001,710.9178,396412.8,770.2265
5,673.0001,711.0278,397489.2,770.6749
5.05,673.0001,711.1519,398704.5,771.1783
5.1,673.0001,711.2896,400056,771.7346
5.15,673.0001,711.4386,401521.2,772.3335
5.2,673.0001,711.5964,403078.6,772.9654
5.25,673.0001,711.7611,404709.9,773.6222
5.3,673.0001,711.9302,406390,774.2932
5.35,673.0001,712.1021,408105,774.9724
5.4,673.0001,712.2757,409843.7,775.6554
5.45,673.0002,712.4495,411592.2,776.3365
5.5,673.0002,712.623,413345.2,777.0136
5.55,673.0002,712.7963,415102.8,777.6867
5.6,673.0003,712.9683,416855.5,778.3522
5.65,673.0004,713.1395,418607.1,779.0117
5.7,673.0006,713.3098,420358.4,779.6653
5.75,673.0008,713.4792,422107.9,780.3126
5.8,673.0011,713.6474,423854.2,780.9529
5.85,673.0015,713.8153,425606.8,781.5896
5.9,673.0021,713.982,427356.3,782.2191
5.95,673.0029,714.148,429109.3,782.8437
6,673.004,714.3131,430865.3,783.4628
6.05,673.0056,714.4775,432626.6,784.0769
6.1,673.0076,714.6402,434385,784.6827
6.15,673.0103,714.8023,436153.9,785.2843
6.2,673.0139,714.9626,437922.3,785.8772
6.25,673.0186,715.1212,439695.5,786.4625
6.3,673.0247,715.2774,441468.2,787.0375
6.35,673.0326,715.432,443252.4,787.6052
6.4,673.0426,715.5828,445029.5,788.1582
6.45,673.0553,715.7307,446813.8,788.6999
6.5,673.0713,715.8779,448634.1,789.238
6.55,673.0934,716.0898,451235.5,790.0047
6.6,673.1284,716.462,455754.1,791.3329
6.65,673.1866,717.0462,462918.3,793.3849
6.7,673.2807,717.8207,472697.7,796.0515
6.75,673.427,718.7454,484878.5,799.1533
6.8,673.6451,719.7785,499209.1,802.5014
6.85,673.9516,720.8617,515114.7,805.8526
6.9,674.3602,721.9574,532113.5,809.0289
6.95,674.8778,723.0399,549679.2,811.8847
7,675.4826,724.0592,566673.7,814.2277
7.05,676.1151,724.9419,581404.9,815.8696
7.1,676.4737,725.1833,585952.9,815.9642
7.15,676.5131,724.7258,580060.1,814.6462
7.2,676.5141,724.2011,573237.2,813.1959
7.25,676.6444,724.1797,573849.4,813.1071
7.3,676.9991,724.2995,576978.2,813.0963
7.35,677.2834,724.2206,576660.4,812.4172
7.4,677.4745,723.9838,573847.8,811.3703
7.45,677.7221,723.8532,572215.3,810.4118
7.5,678.0359,723.8617,571966.6,809.5473
7.55,678.3216,723.8485,571083.5,808.5727
7.6,678.57,723.7914,569432.4,807.4934
7.65,678.8302,723.7866,568084.6,806.4108
7.7,679.0977,723.8297,566975.8,805.3193
7.75,679.3475,723.8716,565601.6,804.1796
7.8,679.587,723.9299,564141.7,803.009
7.85,679.8225,724.024,562757.9,801.8203
7.9,680.0464,724.1371,561306.6,800.6045
7.95,680.2573,724.2665,559779,799.3638
8,680.4587,724.4242,558263.7,798.1039
8.05,680.6467,724.5992,556692.5,796.8235
8.1,680.822,724.7925,555081.4,795.5245
8.15,680.9861,725.0107,553479.9,794.2109
8.2,681.1362,725.2389,551809.4,792.8812
8.25,681.2756,725.4902,550155.2,791.5398
8.3,681.4027,725.7534,548466.4,790.1868
8.35,681.5183,726.0274,546748.6,788.8234
8.4,681.6245,726.3206,545055.2,787.4529
8.45,681.7196,726.6136,543300.6,786.0738
8.5,681.8069,726.9256,541587.7,784.6904
8.55,681.8853,727.2397,539845.1,783.3015
8.6,681.9562,727.5608,538105.6,781.9093
8.65,682.0207,727.8905,536382.7,780.5146
8.7,682.0786,728.2179,534637.3,779.1174
8.75,682.1315,728.5537,532920.8,777.7197
8.8,682.1793,728.8854,531186.6,776.3207
8.85,682.2231,729.2227,529480.3,774.9223
8.9,682.263,729.5559,527765.2,773.5238
8.95,682.2999,729.8927,526076.3,772.1268
9,682.3338,730.2277,524393.7,770.7306
9.05,682.3653,730.5617,522722.8,769.3363
9.1,682.3948,730.8973,521072.6,767.9436
9.15,682.4223,731.2282,519420.7,766.5529
9.2,682.4483,731.5623,517794.6,765.1646
9.25,682.4727,731.8924,516166.3,763.7783
9.3,682.496,732.2263,514561.7,762.3948
9.35,682.5182,732.5585,512957.7,761.0135
9.4,682.5395,732.8954,511374.8,759.6352
9.45,682.5599,733.233,509794.4,758.2592
9.5,682.5796,733.5769,508233.8,756.8863
9.55,682.5986,733.9229,506674.8,755.5159
9.6,682.617,734.2757,505131.6,754.1486
9.65,682.6348,734.6328,503594,752.7838
9.7,682.6522,734.9937,502060.8,751.4221
9.75,682.6691,735.3613,500539.4,750.063
9.8,682.6855,735.7306,499016.3,748.7069
9.85,682.7016,736.1071,497507.9,747.3536
9.9,682.7173,736.4844,495997.1,746.0031
9.95,682.7327,736.868,494501.3,744.6555
10,682.7477,737.2518,493004.9,743.3106
10.05,682.7625,737.6405,491522.5,741.9686
10.1,682.7771,738.0292,490042.4,740.6293
10.15,682.7914,738.4209,488574.7,739.2929
10.2,682.8055,738.8124,487111.9,737.9591
10.25,682.8194,739.2055,485660.7,736.6283
10.3,682.8331,739.5979,484215.7,735.3
10.35,682.8467,739.991,482782.3,733.9746
10.4,682.86,740.3826,481355.4,732.6517
10.45,682.8733,740.7745,479940.7,731.3318
10.5,682.8864,741.1641,478532.2,730.0142
10.55,682.8994,741.5539,477136.7,728.6996
10.6,682.9122,741.9408,475746.8,727.3873
10.65,682.9249,742.3278,474370.7,726.0779
10.7,682.9375,742.7114,472999.8,724.7709
10.75,682.95,743.0952,471643,723.4666
10.8,682.9624,743.4752,470290.9,722.1647
10.85,682.9747,743.8553,468953.1,720.8655
10.9,682.9869,744.2316,467620,719.5687
10.95,682.999,744.608,466300.9,718.2745
11,683.0109,744.9805,464986.4,716.9826
11.05,683.0228,745.353,463685.7,715.6934
11.1,683.0346,745.7217,462389.5,714.4065
11.15,683.0463,746.0903,461106.8,713.1221
11.2,683.0579,746.4551,459828.7,711.84
11.25,683.0694,746.8199,458563.7,710.5604
11.3,683.0809,747.1809,457303.2,709.2831
11.35,683.0922,747.5419,456055.5,708.0082
11.4,683.1034,747.8992,454812.4,706.7356
11.45,683.1146,748.2563,453581.5,705.4654
11.5,683.1257,748.6099,452355.6,704.1974
11.55,683.1367,748.9631,451141.1,702.9318
11.6,683.1476,749.3132,449932.1,701.6683
11.65,683.1585,749.6625,448733.7,700.4072
11.7,683.1692,750.009,447541.3,699.1483
11.75,683.1799,750.3545,446358.6,697.8916
11.8,683.1905,750.6975,445182.5,696.6371
11.85,683.201,751.0391,444015.4,695.3849
11.9,683.2115,751.3785,442855.2,694.1348
11.95,683.2218,751.7164,441703.6,692.8869
12,683.2321,752.0521,440558.9,691.641
12.05,683.2424,752.3864,439422.7,690.3974
12.1,683.2525,752.7183,438293.2,689.1559
12.15,683.2626,753.049,437172.4,687.9164
12.2,683.2726,753.377,436057.5,686.6791
12.25,683.2826,753.7043,434952.3,685.4438
12.3,683.2925,754.0282,433851.7,684.2107
12.35,683.3023,754.3521,432761.6,682.9795
12.4,683.3121,754.672,431675.2,681.7504
12.45,683.3218,754.9919,430599.4,680.5233
12.5,683.3314,755.3081,429527.8,679.2983
12.55,683.341,755.6235,428465,678.0752
12.6,683.3505,755.9367,427409,676.8541
12.65,683.3599,756.2477,426359.5,675.635
12.7,683.3694,756.5576,425318.6,674.4179
12.75,683.3787,756.8648,424283.1,673.2026
12.8,683.388,757.1708,423256.1,671.9894
12.85,683.3973,757.4742,422234.8,670.778
12.9,683.4065,757.7762,421221.4,669.5686
12.95,683.4156,758.0756,420213.9,668.361
13,683.4248,758.3737,419214.5,667.1554
13.05,683.4338,758.6689,418220.6,665.9516
13.1,683.4429,758.9632,417235.4,664.7497
13.15,683.4519,759.2539,416255,663.5497
13.2,683.4608,759.544,415283.9,662.3514
13.25,683.4698,759.8302,414317.5,661.1551
13.3,683.4787,760.1149,413359.7,659.9605
13.35,683.4876,760.397,412409.2,658.7679
13.4,683.4965,760.6764,411465.9,657.5769
13.45,683.5054,760.9535,410531.7,656.3878
13.5,683.5143,761.2272,409605,655.2005
13.55,683.5233,761.4983,408688.1,654.015
13.6,683.5323,761.7652,407779.6,652.8312
13.65,683.5414,762.0292,406882.6,651.6492
13.7,683.5505,762.2882,405994.9,650.4691
13.75,683.5599,762.5439,405121,649.2906
13.8,683.5693,762.7934,404257.6,648.114
13.85,683.579,763.0386,403409.9,646.9391
13.9,683.5889,763.2776,402576.2,645.7661
13.95,683.5992,763.5106,401758.7,644.5947
14,683.6097,763.7377,400959.3,643.4253
14.05,683.6206,763.9576,400177,642.2575
14.1,683.6319,764.1711,399414.6,641.0917
14.15,683.6436,764.3768,398670.1,639.9276
14.2,683.6558,764.5762,397946.3,638.7652
14.25,683.6685,764.7677,397239.4,637.6048
14.3,683.6817,764.9535,396552.6,636.4461
14.35,683.6954,765.132,395880.6,635.2893
14.4,683.7095,765.3051,395225,634.1342
14.45,683.7242,765.4734,394583.9,632.9811
14.5,683.7393,765.6368,393954.3,631.8296
14.55,683.7549,765.7966,393336.3,630.6801
14.6,683.771,765.9526,392726.1,629.5323
14.65,683.7876,766.1064,392125,628.3863
14.7,683.8046,766.2568,391528.2,627.2422
14.75,683.8222,766.406,390938.9,626.0999
14.8,683.8402,766.5523,390352.1,624.9595
14.85,683.8588,766.6971,389770.1,623.8208
14.9,683.878,766.8405,389192.5,622.6841
14.95,683.8978,766.982,388617.6,621.5493
15,683.9182,767.1223,388047.1,620.4164
15.05,683.9394,767.2604,387478.5,619.2854
15.1,683.9613,767.3977,386914.9,618.1564
15.15,683.984,767.5324,386352.2,617.0295
15.2,684.0077,767.6662,385794.3,615.9045
15.25,684.0322,767.798,385238.8,614.7816
15.3,684.0577,767.9282,384686.7,613.6608
15.35,684.0844,768.0571,384138.6,612.5421
15.4,684.1121,768.1838,383592.7,611.4256
15.45,684.1411,768.3094,383051.6,610.3113
15.5,684.1712,768.4325,382512,609.1993
15.55,684.2028,768.5545,381977.5,608.0895
15.6,684.2358,768.6741,381444.9,606.9821
15.65,684.2703,768.792,380916.4,605.877
15.7,684.3064,768.9084,380392.1,604.7745
15.75,684.3442,769.0224,379870.4,603.6744
15.8,684.3837,769.1351,379353.8,602.5768
15.85,684.425,769.2451,378839.1,601.4819
15.9,684.4684,769.3538,378329.8,600.3896
15.95,684.5136,769.4597,377822.8,599.3001
16,684.561,769.5638,377320.1,598.2133
16.05,684.6107,769.666,376822.1,597.1294
16.1,684.6625,769.7657,376327.2,596.0484
16.15,684.7169,769.8638,375837.5,594.9704
16.2,684.7735,769.959,375350.4,593.8955
16.25,684.8329,770.0525,374869,592.8238
16.3,684.8947,770.1431,374390.3,591.7553
16.35,684.9593,770.2317,373916.4,590.69
16.4,685.0268,770.3181,373447.6,589.6282
16.45,685.0972,770.4018,372982.3,588.5699
16.5,685.1706,770.4835,372522.8,587.5151
16.55,685.247,770.5621,372066.1,586.464
16.6,685.3266,770.6388,371615.4,585.4167
16.65,685.4094,770.7126,371168.4,584.3731
16.7,685.4954,770.7839,370726.3,583.3335
16.75,685.585,770.8529,370289.9,582.2981
16.8,685.6779,770.9189,369857.2,581.2667
16.85,685.7744,770.9829,369430.9,580.2396
16.9,685.8743,771.0435,369007.8,579.2168
16.95,685.978,771.1018,368590.6,578.1985
17,686.0854,771.1574,368178.5,577.1848
17.05,686.1964,771.2102,367771.2,576.1758
17.1,686.3113,771.2606,367370.1,575.1716
17.15,686.4299,771.3078,366973,574.1723
17.2,686.5525,771.3527,366582.5,573.1781
17.25,686.6788,771.3944,366196,572.189
17.3,686.809,771.4334,365815.3,571.2052
17.35,686.9433,771.4699,365440.8,570.2269
17.4,687.0813,771.5033,365070.9,569.254
17.45,687.2235,771.5343,364707.8,568.287
17.5,687.3693,771.5621,364348.8,567.3256
17.55,687.5192,771.5873,363996.2,566.3702
17.6,687.673,771.6097,363649.2,565.4208
17.65,687.8306,771.6291,363307.5,564.4776
17.7,687.9922,771.6461,362972.6,563.5409
17.75,688.1574,771.66,362642.2,562.6105
17.8,688.3266,771.6715,362318.9,561.6868
17.85,688.4992,771.6798,362000.1,560.7698
17.9,688.6755,771.6855,361687.4,559.8595
17.95,688.8556,771.6888,361381.5,558.9566
18,689.039,771.689,361080.4,558.0605
18.05,689.2262,771.687,360786.5,557.1721
18.1,689.4163,771.6819,360497,556.2907
18.15,689.6097,771.6742,360213.8,555.417
18.2,689.8065,771.6642,359937.3,554.5512
18.25,690.0061,771.6514,359665.8,553.6931
18.3,690.2089,771.6364,359401.5,552.8432
18.35,690.4142,771.6185,359141.6,552.0012
18.4,690.6224,771.5985,358888.7,551.1676
18.45,690.833,771.5759,358641.1,550.3423
18.5,691.0459,771.5509,358399.1,549.5255
18.55,691.2614,771.5238,358164.3,548.7177
18.6,691.4787,771.4942,357933.9,547.9183
18.65,691.6983,771.4627,357710.7,547.1283
18.7,691.9193,771.4287,357492,546.347
18.75,692.142,771.3927,357279.3,545.5749
18.8,692.3664,771.355,357073.5,544.8124
18.85,692.5917,771.3151,356871.6,544.0588
18.9,692.8182,771.2732,356675.6,543.3148
18.95,693.0458,771.2295,356485.9,542.5808
19,693.274,771.1839,356301.4,541.8565
19.05,693.5028,771.1364,356122.5,541.142
19.1,693.7321,771.0873,355949.4,540.4378
19.15,693.9615,771.0364,355781.6,539.7436
19.2,694.1909,770.984,355619.3,539.0597
19.25,694.4201,770.9301,355462.4,538.3862
19.3,694.6489,770.8747,355310.9,537.7232
19.35,694.877,770.8179,355164.5,537.0707
19.4,695.1043,770.7599,355023.4,536.4288
19.45,695.3305,770.7006,354887.4,535.7976
19.5,695.5555,770.6402,354756.3,535.1773
19.55,695.7791,770.5788,354630.3,534.5677
19.6,696.0009,770.5164,354509,533.9691
19.65,696.2209,770.4531,354392.5,533.3814
19.7,696.4388,770.389,354280.7,532.8048
19.75,696.6545,770.3242,354173.4,532.2391
19.8,696.8677,770.2588,354070.6,531.6846
19.85,697.0783,770.1928,353972.2,531.1411
19.9,697.286,770.1264,353878,530.6088
19.95,697.4907,770.0595,353788,530.0876
20,697.6923,769.9924,353702.1,529.5776
20.05,697.8905,769.9251,353620.1,529.0787
20.1,698.0852,769.8577,353541.9,528.5909
20.15,698.2762,769.7902,353467.4,528.1142
20.2,698.4635,769.7228,353396.5,527.6487
20.25,698.6468,769.6554,353329.2,527.1941
20.3,698.8261,769.5883,353265.2,526.7506
20.35,699.0012,769.5214,353204.6,526.318
20.4,699.172,769.4548,353147,525.8964
20.45,699.3384,769.3886,353092.6,525.4856
20.5,699.5003,769.3229,353041,525.0856
20.55,699.6577,769.2578,352992.3,524.6963
20.6,699.8104,769.1933,352946.4,524.3176
20.65,699.9583,769.1294,352903,523.9494
20.7,700.1015,769.0662,352862.1,523.5916
20.75,700.2399,769.0039,352823.7,523.2442
20.8,700.3734,768.9423,352787.5,522.907
20.85,700.502,768.8817,352753.5,522.5799
20.9,700.6257,768.8219,352721.7,522.2628
20.95,700.7444,768.7632,352691.8,521.9555
21,700.8582,768.7054,352663.8,521.6579
21.05,700.9671,768.6488,352637.6,521.3699
21.1,701.071,768.5931,352613.1,521.0913
21.15,701.17,768.5387,352590.3,520.822
21.2,701.2642,768.4853,352569,520.5618
21.25,701.3535,768.4332,352549.1,520.3106
21.3,701.4379,768.3822,352530.6,520.0681
21.35,701.5177,768.3324,352513.4,519.8343
21.4,701.5927,768.2839,352497.4,519.609
21.45,701.663,768.2366,352482.6,519.3919
21.5,701.7288,768.1905,352468.8,519.183
21.55,701.7901,768.1457,352456.1,518.982
21.6,701.8469,768.1022,352444.3,518.7888
21.65,701.8994,768.0599,352433.3,518.6031
21.7,701.9476,768.0189,352423.3,518.4249
21.75,701.9916,767.9791,352413.9,518.2539
21.8,702.0315,767.9406,352405.3,518.0899
21.85,702.0675,767.9033,352397.4,517.9327
21.9,702.0995,767.8672,352390.1,517.7822
21.95,702.1277,767.8324,352383.4,517.6382
22,702.1522,767.7988,352377.2,517.5004
22.05,702.1731,767.7663,352371.5,517.3688
22.1,702.1906,767.7351,352366.3,517.2431
22.15,702.2046,767.7049,352361.5,517.1232
22.2,702.2154,767.6759,352357.1,517.0088
22.25,702.2229,767.6481,352353,516.8998
22.3,702.2274,767.6213,352349.3,516.7961
22.35,702.229,767.5955,352345.9,516.6973
22.4,702.2277,767.5708,352342.8,516.6035
22.45,702.2236,767.5471,352339.9,516.5143
22.5,702.2168,767.5244,352337.3,516.4296
22.55,702.2076,767.5027,352334.8,516.3494
22.6,702.1958,767.4819,352332.6,516.2733
22.65,702.1817,767.4619,352330.6,516.2013
22.7,702.1654,767.4429,352328.7,516.1332
22.75,702.1469,767.4247,352327,516.0688
22.8,702.1264,767.4074,352325.4,516.008
22.85,702.1038,767.3908,352323.9,515.9506
22.9,702.0794,767.375,352322.6,515.8966
22.95,702.0533,767.36,352321.3,515.8457
23,702.0254,767.3456,352320.2,515.7979
23.05,701.9958,767.3319,352319.1,515.753
23.1,701.9648,767.3189,352318.1,515.7108
23.15,701.9322,767.3066,352317.2,515.6713
23.2,701.8983,767.2948,352316.3,515.6343
23.25,701.8631,767.2836,352315.5,515.5998
23.3,701.8266,767.273,352314.7,515.5676
23.35,701.7889,767.2629,352314,515.5375
23.4,701.7502,767.2533,352313.3,515.5096
23.45,701.7103,767.2443,352312.7,515.4836
23.5,701.6695,767.2356,352312.1,515.4596
23.55,701.6278,767.2274,352311.5,515.4373
23.6,701.5852,767.2197,352310.9,515.4168
23.65,701.5418,767.2123,352310.4,515.3979
23.7,701.4976,767.2053,352309.9,515.3805
23.75,701.4527,767.1987,352309.4,515.3646
23.8,701.4071,767.1925,352308.9,515.3501
23.85,701.3609,767.1865,352308.5,515.3369
23.9,701.3141,767.1809,352308,515.3249
23.95,701.2667,767.1755,352307.6,515.3141
24,701.2189,767.1705,352307.2,515.3044
24.05,701.1706,767.1657,352306.7,515.2957
24.1,701.1218,767.1611,352306.3,515.2881
24.15,701.0727,767.1568,352305.9,515.2813
24.2,701.0231,767.1527,352305.5,515.2755
24.25,700.9733,767.1488,352305.1,515.2704
24.3,700.9231,767.1451,352304.7,515.2662
24.35,700.8726,767.1416,352304.4,515.2627
24.4,700.8219,767.1383,352304,515.2598
24.45,700.771,767.1351,352303.6,515.2576
24.5,700.7198,767.1321,352303.2,515.256
24.55,700.6684,767.1292,352302.9,515.255
24.6,700.6169,767.1265,352302.5,515.2545
24.65,700.5652,767.1239,352302.1,515.2545
24.7,700.5134,767.1214,352301.7,515.255
24.75,700.4614,767.119,352301.4,515.2559
24.8,700.4094,767.1167,352301,515.2572
24.85,700.3573,767.1145,352300.6,515.2589
24.9,700.305,767.1124,352300.3,515.261
24.95,700.2528,767.1104,352299.9,515.2633
25,700.2004,767.1085,352299.5,515.266
25.05,700.148,767.1066,352299.1,515.269
25.1,700.0956,767.1048,352298.8,515.2722
25.15,700.0432,767.1031,352298.4,515.2757
25.2,699.9908,767.1014,352298,515.2794
25.25,699.9383,767.0998,352297.6,515.2834
25.3,699.8859,767.0982,352297.3,515.2875
25.35,699.8335,767.0967,352296.9,515.2918
25.4,699.7811,767.0952,352296.5,515.2963
25.45,699.7287,767.0938,352296.1,515.301
25.5,699.6764,767.0924,352295.7,515.3058
25.55,699.6241,767.091,352295.4,515.3107
25.6,699.5718,767.0896,352295,515.3157
25.65,699.5196,767.0883,352294.6,515.3209
25.7,699.4674,767.087,352294.2,515.3261
25.75,699.4153,767.0858,352293.8,515.3315
25.8,699.3633,767.0845,352293.4,515.3369
25.85,699.3113,767.0833,352293,515.3425
25.9,699.2594,767.0821,352292.6,515.3481
25.95,699.2076,767.0809,352292.2,515.3537
26,699.1558,767.0797,352291.8,515.3595
26.05,699.1041,767.0786,352291.4,515.3652
26.1,699.0525,767.0774,352291,515.3711
26.15,699.0009,767.0763,352290.6,515.3769
26.2,698.9495,767.0751,352290.2,515.3829
26.25,698.8981,767.074,352289.8,515.3888
26.3,698.8469,767.0729,352289.4,515.3948
26.35,698.7957,767.0718,352289,515.4008
26.4,698.7446,767.0706,352288.6,515.4068
26.45,698.6936,767.0695,352288.1,515.4129
26.5,698.6427,767.0684,352287.7,515.419
26.55,698.5919,767.0673,352287.3,515.4251
26.6,698.5411,767.0663,352286.9,515.4312
26.65,698.4905,767.0652,352286.5,515.4373
26.7,698.44,767.0641,352286,515.4434
26.75,698.3896,767.063,352285.6,515.4496
26.8,698.3393,767.0619,352285.2,515.4557
26.85,698.2891,767.0608,352284.7,515.4619
26.9,698.239,767.0597,352284.3,515.468
26.95,698.189,767.0586,352283.9,515.4742
27,698.1391,767.0575,352283.4,515.4803
27.05,698.0893,767.0564,352283,515.4865
27.1,698.0396,767.0553,352282.5,515.4926
27.15,697.99,767.0542,352282.1,515.4988
27.2,697.9406,767.0531,352281.6,515.5049
27.25,697.8912,767.052,352281.2,515.511
27.3,697.842,767.0509,352280.7,515.5172
27.35,697.7929,767.0498,352280.3,515.5233
27.4,697.7439,767.0487,352279.8,515.5294
27.45,697.695,767.0476,352279.4,515.5355
27.5,697.6462,767.0465,352278.9,515.5416
27.55,697.5976,767.0453,352278.5,515.5477
27.6,697.5491,767.0442,352278,515.5537
27.65,697.5007,767.0431,352277.5,515.5598
27.7,697.4524,767.0419,352277,515.5658
27.75,697.4043,767.0408,352276.6,515.5719
27.8,697.3563,767.0397,352276.1,515.5779
27.85,697.3084,767.0385,352275.6,515.5839
27.9,697.2606,767.0374,352275.1,515.5899
27.95,697.213,767.0362,352274.7,515.5959
28,697.1655,767.035,352274.2,515.6018
28.05,697.1181,767.0339,352273.7,515.6078
28.1,697.0709,767.0327,352273.2,515.6137
28.15,697.0238,767.0315,352272.7,515.6196
28.2,696.9769,767.0303,352272.2,515.6255
28.25,696.9301,767.0291,352271.7,515.6314
28.3,696.8834,767.0279,352271.2,515.6373
28.35,696.8369,767.0267,352270.7,515.6431
28.4,696.7906,767.0255,352270.2,515.649
28.45,696.7444,767.0243,352269.7,515.6548
28.5,696.6983,767.0231,352269.2,515.6606
28.55,696.6524,767.0219,352268.7,515.6663
28.6,696.6067,767.0207,352268.2,515.6721
28.65,696.5611,767.0194,352267.7,515.6778
28.7,696.5157,767.0182,352267.2,515.6835
28.75,696.4705,767.017,352266.6,515.6892
28.8,696.4254,767.0157,352266.1,515.6949
28.85,696.3805,767.0144,352265.6,515.7006
28.9,696.3357,767.0132,352265.1,515.7062
28.95,696.2912,767.0119,352264.5,515.7118
29,696.2468,767.0106,352264,515.7174
29.05,696.2026,767.0093,352263.5,515.723
29.1,696.1586,767.0081,352262.9,515.7285
29.15,696.1148,767.0068,352262.4,515.734
29.2,696.0711,767.0055,352261.8,515.7395
29.25,696.0277,767.0042,352261.3,515.745
29.3,695.9844,767.0028,352260.7,515.7504
29.35,695.9413,767.0015,352260.2,515.7558
29.4,695.8985,767.0002,352259.6,515.7612
29.45,695.8558,766.9988,352259,515.7666
29.5,695.8133,766.9975,352258.5,515.7719
29.55,695.7711,766.9962,352257.9,515.7773
29.6,695.729,766.9948,352257.3,515.7825
29.65,695.6872,766.9934,352256.8,515.7878
29.7,695.6456,766.9921,352256.2,515.793
29.75,695.6042,766.9907,352255.6,515.7983
29.8,695.563,766.9893,352255,515.8034
29.85,695.522,766.9879,352254.4,515.8086
29.9,695.4813,766.9865,352253.8,515.8137
29.95,695.4408,766.9851,352253.3,515.8188
30,695.4005,766.9837,352252.7,515.8239
30.05,695.3604,766.9822,352252.1,515.8289
30.1,695.3206,766.9808,352251.5,515.8339
30.15,695.281,766.9794,352250.8,515.8389
30.2,695.2416,766.9779,352250.2,515.8438
30.25,695.2025,766.9765,352249.6,515.8488
30.3,695.1637,766.975,352249,515.8536
30.35,695.125,766.9735,352248.4,515.8585
30.4,695.0866,766.972,352247.8,515.8633
30.45,695.0485,766.9705,352247.1,515.8681
30.5,695.0106,766.9691,352246.5,515.8729
30.55,694.9729,766.9675,352245.9,515.8776
30.6,694.9355,766.966,352245.2,515.8823
30.65,694.8984,766.9645,352244.6,515.887
30.7,694.8615,766.963,352243.9,515.8916
30.75,694.8248,766.9614,352243.3,515.8962
30.8,694.7884,766.9599,352242.6,515.9008
30.85,694.7523,766.9583,352242,515.9053
30.9,694.7164,766.9568,352241.3,515.9098
30.95,694.6807,766.9552,352240.6,515.9143
31,694.6454,766.9536,352240,515.9188
31.05,694.6102,766.952,352239.3,515.9232
31.1,694.5754,766.9504,352238.6,515.9276
31.15,694.5408,766.9488,352237.9,515.9319
31.2,694.5064,766.9472,352237.2,515.9362
31.25,694.4723,766.9456,352236.6,515.9405
31.3,694.4385,766.944,352235.9,515.9447
31.35,694.4049,766.9423,352235.2,515.949
31.4,694.3716,766.9407,352234.5,515.9531
31.45,694.3385,766.939,352233.8,515.9573
31.5,694.3057,766.9374,352233.1,515.9614
31.55,694.2731,766.9357,352232.4,515.9655
31.6,694.2408,766.934,352231.6,515.9696
31.65,694.2088,766.9323,352230.9,515.9736
31.7,694.177,766.9307,352230.2,515.9776
31.75,694.1454,766.929,352229.5,515.9815
31.8,694.1141,766.9272,352228.7,515.9855
31.85,694.083,766.9255,352228,515.9894
31.9,694.0522,766.9238,352227.3,515.9932
31.95,694.0216,766.9221,352226.5,515.9971
32,693.9913,766.9203,352225.8,516.0009
32.05,693.9612,766.9186,352225.1,516.0047
32.1,693.9314,766.9168,352224.3,516.0084
32.15,693.9018,766.9151,352223.6,516.0121
32.2,693.8724,766.9133,352222.8,516.0158
32.25,693.8432,766.9115,352222,516.0195
32.3,693.8143,766.9097,352221.3,516.0231
32.35,693.7857,766.9079,352220.5,516.0267
32.4,693.7572,766.9061,352219.7,516.0303
32.45,693.729,766.9043,352219,516.0339
32.5,693.701,766.9025,352218.2,516.0374
32.55,693.6732,766.9007,352217.4,516.0409
32.6,693.6456,766.8989,352216.6,516.0443
32.65,693.6182,766.897,352215.8,516.0478
32.7,693.5911,766.8952,352215.1,516.0512
32.75,693.5642,766.8933,352214.3,516.0546
32.8,693.5374,766.8915,352213.5,516.058
32.85,693.5109,766.8896,352212.7,516.0613
32.9,693.4846,766.8877,352211.9,516.0646
32.95,693.4585,766.8859,352211.1,516.0679
33,693.4326,766.884,352210.3,516.0712
